,City,Country,Lat,Lng,Max Temp,Humidity,Cloudiness,Wind Speed,Weather Description
0,Kruisfontein,ZA,-34.0033,24.7314,56.88,84,100,1.43,overcast clouds
1,Waipawa,NZ,-41.4122,175.5153,52.54,70,100,11.74,overcast clouds
2,Pierre,US,44.3683,-100.351,56.28,54,0,7.0,clear sky
3,Esperance,AU,-33.8667,121.9,61.66,63,93,7.34,overcast clouds
4,Maryborough,AU,-25.5333,152.7,78.12,36,0,8.39,clear sky
5,Butaritari,KI,3.0707,172.7902,82.24,73,82,11.77,light rain
6,Punta Arenas,CL,-53.15,-70.9167,42.91,70,75,25.32,broken clouds
7,Rikitea,PF,-23.1203,-134.9692,68.38,60,0,14.56,clear sky
8,Vila Franca Do Campo,PT,37.7167,-25.4333,67.19,75,80,9.24,broken clouds
9,Black River,JM,18.0264,-77.8487,79.43,87,100,11.5,overcast clouds
10,Menden,DE,51.4333,7.8,51.85,88,0,11.5,clear sky
11,Lethem,GY,3.3803,-59.7968,77.79,77,58,5.55,broken clouds
12,Bani Walid,LY,31.7566,13.9942,70.05,67,14,6.91,few clouds
13,Bathsheba,BB,13.2167,-59.5167,81.21,78,75,13.8,broken clouds
14,Bluff,NZ,-46.6,168.3333,49.8,83,85,9.35,overcast clouds
15,Qaanaaq,GL,77.484,-69.3632,27.57,84,100,8.12,overcast clouds
16,Victoria,HK,22.2855,114.1577,91.45,90,34,9.78,scattered clouds
17,Hilo,US,19.7297,-155.09,79.29,89,20,1.01,few clouds
18,Torbay,CA,47.6666,-52.7314,51.17,90,2,5.01,clear sky
19,Port Alfred,ZA,-33.5906,26.891,60.19,91,100,9.24,overcast clouds
20,Mar Del Plata,AR,-38.0023,-57.5575,57.09,87,0,5.99,clear sky
21,Clyde River,CA,70.4692,-68.5914,31.48,82,54,3.83,broken clouds
22,Bethel,US,41.3712,-73.414,61.65,88,65,6.51,light rain
23,Papetoai,PF,-17.4961,-149.8729,79.56,76,3,20.78,clear sky
24,Lamar,US,33.6668,-95.5836,75.36,43,0,10.36,clear sky
25,Santiago,CL,-33.4569,-70.6483,52.86,75,0,8.05,clear sky
26,Bogorodskoye,RU,56.55,37.8833,44.11,94,100,3.24,overcast clouds
27,East London,ZA,-33.0153,27.9116,66.09,82,100,9.08,overcast clouds
28,Carnarvon,AU,-24.8667,113.6333,75.36,40,0,18.01,clear sky
29,Vestmannaeyjar,IS,63.4427,-20.2734,42.73,72,3,15.52,clear sky
30,Ordzhonikidze,KZ,52.4411,61.7408,52.38,60,8,21.34,clear sky
31,Barrow,US,71.2906,-156.7887,28.42,86,100,8.05,overcast clouds
32,Brae,GB,60.3964,-1.353,46.08,82,100,27.72,light rain
33,Isangel,VU,-19.55,169.2667,80.67,70,8,2.24,clear sky
34,San Quintin,MX,30.4833,-115.95,72.66,81,4,12.88,clear sky
35,Dinan,FR,48.4167,-2.25,53.46,85,84,10.69,broken clouds
36,Bredasdorp,ZA,-34.5322,20.0403,53.67,94,99,2.62,overcast clouds
37,Atuona,PF,-9.8,-139.0333,77.11,80,43,22.35,light rain
38,Tocopilla,CL,-22.092,-70.1979,60.17,68,9,6.89,clear sky
39,Puerto Ayora,EC,-0.7393,-90.3518,66.54,96,100,7.0,overcast clouds
40,Athabasca,CA,54.7169,-113.2854,52.57,68,79,4.92,broken clouds
41,Alta Floresta,BR,-9.8756,-56.0861,71.55,92,99,2.68,overcast clouds
42,Sao Filipe,CV,14.8961,-24.4956,76.62,81,18,7.31,few clouds
43,Greenwood,US,34.1668,-82.1165,67.62,71,0,5.75,clear sky
44,Hobart,AU,-42.8794,147.3294,63.05,58,75,5.75,broken clouds
45,Sao Gabriel Da Cachoeira,BR,-0.1303,-67.0892,74.52,85,44,0.54,scattered clouds
46,Kenai,US,60.5544,-151.2583,48.15,92,100,3.44,overcast clouds
47,College,US,64.8569,-147.8028,42.98,78,40,0.0,scattered clouds
48,Okhotsk,RU,59.3833,143.3,48.06,51,13,7.58,few clouds
49,Goundi,TD,9.3627,17.366,73.62,87,100,6.13,overcast clouds
50,Yokadouma,CM,3.5167,15.05,66.83,100,86,1.14,light rain
51,Kapaa,US,22.0752,-159.319,79.12,84,20,6.91,few clouds
52,Muros,ES,42.7762,-9.0603,54.84,85,5,12.41,clear sky
53,Chuka,KE,-0.3332,37.6459,63.73,71,45,7.54,scattered clouds
54,Airai,TL,-8.9266,125.4092,80.22,33,74,3.0,broken clouds
55,Maragogi,BR,-9.0122,-35.2225,72.86,84,1,10.83,clear sky
56,Maues,BR,-3.3836,-57.7186,82.06,45,45,3.78,scattered clouds
57,Nikolskoye,RU,59.7035,30.7861,48.09,96,99,2.13,overcast clouds
58,Constitucion,CL,-35.3333,-72.4167,48.2,76,100,5.46,overcast clouds
59,Glogow,PL,51.6636,16.0845,46.63,88,41,4.23,light rain
60,Cape Town,ZA,-33.9258,18.4232,58.12,86,67,1.99,broken clouds
61,Rawson,AR,-43.3002,-65.1023,53.67,58,39,15.55,scattered clouds
62,Flinders,AU,-34.5833,150.8552,68.18,65,100,4.0,overcast clouds
63,Ponta Do Sol,PT,32.6667,-17.1,70.43,79,22,7.99,few clouds
64,Ushuaia,AR,-54.8,-68.3,38.16,92,100,8.37,overcast clouds
65,Busselton,AU,-33.65,115.3333,62.2,61,2,5.93,clear sky
66,Namibe,AO,-15.1961,12.1522,63.07,72,84,5.21,broken clouds
67,Beringovskiy,RU,63.05,179.3167,37.98,58,4,12.59,clear sky
68,Isla Mujeres,MX,21.2311,-86.731,77.16,70,5,10.71,clear sky
69,Tuktoyaktuk,CA,69.4541,-133.0374,31.71,82,97,7.45,overcast clouds
70,Hermanus,ZA,-34.4187,19.2345,53.8,87,73,6.02,broken clouds
71,Albany,US,42.6001,-73.9662,59.41,92,88,3.13,overcast clouds
72,Kamenka,RU,51.3223,42.7678,46.99,75,36,15.1,scattered clouds
73,Mataura,NZ,-46.1927,168.8643,49.48,93,91,1.05,overcast clouds
74,Fuyu,CN,45.1833,124.8167,67.6,24,15,4.16,few clouds
75,Morondava,MG,-20.2833,44.2833,77.23,66,36,7.05,scattered clouds
76,North Bend,US,43.4065,-124.2243,57.92,99,100,3.44,overcast clouds
77,Avarua,CK,-21.2078,-159.775,75.25,78,87,10.36,overcast clouds
78,Port Blair,IN,11.6667,92.75,86.04,74,40,5.75,scattered clouds
79,Acarau,BR,-2.8856,-40.12,77.5,79,3,14.76,clear sky
80,Neryungri,RU,56.6709,124.6491,36.55,50,100,14.09,overcast clouds
81,Verkhoyansk,RU,67.5447,133.385,34.97,78,96,1.74,overcast clouds
82,Oxford,GB,51.7522,-1.256,56.17,92,75,14.97,broken clouds
83,Lavrentiya,RU,65.5833,-171.0,37.62,98,100,11.1,overcast clouds
84,Souillac,MU,-20.5167,57.5167,73.78,73,75,23.02,light rain
85,Zyryanka,RU,65.75,150.85,43.07,46,19,5.95,few clouds
86,Arraial Do Cabo,BR,-22.9661,-42.0278,67.69,85,62,21.27,broken clouds
87,Oistins,BB,13.0667,-59.5333,80.69,78,75,13.8,broken clouds
88,Cockburn Town,TC,21.4612,-71.1419,82.49,80,27,19.26,scattered clouds
89,Saint-Philippe,RE,-21.3585,55.7679,76.59,75,35,12.97,scattered clouds
90,Vaini,TO,-21.2,-175.2,71.76,94,75,8.05,broken clouds
91,Georgetown,MY,5.4112,100.3354,87.73,62,20,8.05,few clouds
92,Comodoro Rivadavia,AR,-45.8667,-67.5,49.86,46,0,4.61,clear sky
93,Acapulco,MX,16.8634,-99.8901,78.62,89,100,5.75,overcast clouds
94,Nokaneng,BW,-19.6667,22.2667,70.18,32,2,8.37,clear sky
95,Tadine,NC,-21.55,167.8833,77.7,73,28,7.27,scattered clouds
96,Chuy,UY,-33.6971,-53.4616,58.14,94,100,13.04,overcast clouds
97,Port Elizabeth,ZA,-33.918,25.5701,61.09,82,20,10.36,few clouds
98,Mount Gambier,AU,-37.8333,140.7667,55.31,82,100,11.5,overcast clouds
99,Yeniseysk,RU,58.4497,92.1703,35.91,79,94,8.86,overcast clouds
100,Chernyshevskiy,RU,63.0128,112.4714,35.38,42,56,2.44,broken clouds
101,Afyonkarahisar,TR,38.75,30.6667,55.4,25,1,1.03,clear sky
102,Lorengau,PG,-2.0226,147.2712,85.86,62,0,10.36,clear sky
103,San Joaquin,US,37.9333,-121.3011,78.37,57,0,10.36,clear sky
104,Trojes,AL,41.756,19.962,64.89,78,99,3.74,overcast clouds
105,Cabedelo,BR,-6.9811,-34.8339,74.07,80,8,12.75,clear sky
106,Andapa,MG,-14.65,49.65,66.38,82,70,1.45,broken clouds
107,Fuling,CN,29.7022,107.3919,77.47,60,81,5.12,broken clouds
108,Cabo San Lucas,MX,22.8909,-109.9124,83.52,77,22,3.0,few clouds
109,New Norfolk,AU,-42.7826,147.0587,62.71,64,72,3.31,broken clouds
110,Novyy Yarychiv,UA,49.9044,24.3052,51.48,93,100,6.85,overcast clouds
111,Ribeira Grande,PT,38.5167,-28.7,70.59,73,75,15.79,broken clouds
112,Churapcha,RU,62.0025,132.4325,40.95,65,93,8.3,overcast clouds
113,Nanortalik,GL,60.1432,-45.2371,48.99,96,100,15.41,overcast clouds
114,Seoul,KR,37.5683,126.9778,76.39,23,86,3.87,overcast clouds
115,Andenes,NO,69.3143,16.1194,51.78,71,20,19.57,few clouds
116,Tiksi,RU,71.6872,128.8694,35.53,71,100,24.67,overcast clouds
117,Severo-Kurilsk,RU,50.6789,156.125,49.89,89,93,18.68,light rain
118,Shingu,JP,33.7333,135.9833,79.97,74,50,5.26,scattered clouds
119,Valleyview,CA,55.0667,-117.2859,57.24,67,95,3.44,overcast clouds
120,Tura,IN,25.5198,90.2201,85.64,62,96,2.17,overcast clouds
121,Kuvshinovo,RU,57.0295,34.1725,40.64,93,70,2.48,broken clouds
122,Dikson,RU,73.5069,80.5464,32.99,80,97,17.07,overcast clouds
123,Goias,BR,-15.5807,-49.6362,71.17,81,100,1.88,overcast clouds
124,Oranjemund,NA,-28.55,16.4333,52.14,81,5,7.94,clear sky
125,Longyearbyen,SJ,78.2186,15.6401,46.24,71,75,9.22,broken clouds
126,Baruun-Urt,MN,46.6806,113.2792,66.07,24,92,12.84,overcast clouds
127,Norman Wells,CA,65.282,-126.8329,35.64,87,40,0.0,scattered clouds
128,Luanda,AO,-8.8368,13.2343,70.43,87,90,8.16,overcast clouds
129,Yellowknife,CA,62.456,-114.3525,37.92,87,0,4.61,clear sky
130,Omsukchan,RU,62.5333,155.8,35.62,64,14,0.94,few clouds
131,Yarkovo,RU,57.4028,67.0786,37.89,60,100,15.21,overcast clouds
132,Thompson,CA,55.7435,-97.8558,26.76,93,40,0.0,scattered clouds
133,Hanna,CA,51.6334,-111.9018,58.03,42,30,4.14,scattered clouds
134,Pecanha,BR,-18.5486,-42.5569,59.99,91,52,2.37,broken clouds
135,Ramapuram,IN,13.1167,79.2,90.12,43,49,5.73,scattered clouds
136,Coihaique,CL,-45.5752,-72.0662,42.75,81,100,2.3,light rain
137,Chaman,PK,30.9236,66.4512,80.73,8,0,2.98,clear sky
138,Mehamn,NO,71.0357,27.8492,39.15,81,0,4.61,clear sky
139,Yamada,JP,39.4667,141.95,71.4,68,99,4.43,overcast clouds
140,Sitka,US,57.0531,-135.33,60.69,77,100,13.8,overcast clouds
141,Ancud,CL,-41.8697,-73.8203,52.23,95,100,18.7,moderate rain
142,Kars,TR,40.602,43.095,37.85,87,0,1.14,clear sky
143,Pakxan,LA,18.3778,103.6601,89.87,52,18,3.11,few clouds
144,Jamestown,US,42.097,-79.2353,56.71,75,100,8.05,moderate rain
145,Balkanabat,TM,39.5108,54.3671,73.85,35,13,5.88,few clouds
146,Gainesville,US,29.6516,-82.3248,71.1,87,0,0.0,clear sky
147,Fuyang,CN,32.9,115.8167,84.96,30,81,7.0,broken clouds
148,Rio Verde De Mato Grosso,BR,-18.9181,-54.8442,78.89,49,37,4.16,scattered clouds
149,Hithadhoo,MV,-0.6,73.0833,81.57,74,93,12.75,overcast clouds
150,Olafsvik,IS,64.8945,-23.7142,43.95,58,5,3.74,clear sky
151,Benghazi,LY,32.1167,20.0667,73.94,59,3,5.82,clear sky
152,Lompoc,US,34.6391,-120.4579,61.52,93,100,10.36,overcast clouds
153,Madang,PG,-5.2246,145.7966,85.46,64,11,7.56,few clouds
154,Buala,SB,-8.145,159.5921,83.14,71,99,1.95,light rain
155,Salalah,OM,17.0151,54.0924,82.49,89,100,10.36,overcast clouds
156,Aykhal,RU,66.0,111.5,21.49,87,94,6.08,overcast clouds
157,Palmas De Monte Alto,BR,-14.2672,-43.1619,69.53,73,31,9.53,scattered clouds
158,Yumen,CN,40.2833,97.2,76.44,8,100,12.21,overcast clouds
159,Kaitangata,NZ,-46.2817,169.8464,54.95,87,94,2.8,overcast clouds
160,Faya,SA,18.3851,42.4509,66.72,24,0,8.79,clear sky
161,Ouadda,CF,8.0777,22.4007,67.91,95,65,3.69,broken clouds
162,San Francisco,US,37.7749,-122.4194,67.44,91,20,11.99,few clouds
163,Vanavara,RU,60.34,102.2797,38.53,68,100,4.81,overcast clouds
164,Talcahuano,CL,-36.7167,-73.1167,49.68,87,75,3.44,light rain
165,Asau,RO,46.4333,26.4,49.28,63,99,4.63,overcast clouds
166,Alakurtti,RU,66.9672,30.3491,40.57,94,100,4.03,overcast clouds
167,Tasiilaq,GL,65.6145,-37.6368,41.16,68,69,0.34,broken clouds
168,Upernavik,GL,72.7868,-56.1549,33.28,62,99,7.61,overcast clouds
169,Khuzhir,RU,53.1939,107.3397,44.62,63,99,10.87,overcast clouds
170,Bac Lieu,VN,9.285,105.7244,88.32,60,82,9.33,broken clouds
171,Chipinge,ZW,-20.1883,32.6236,70.72,39,0,2.55,clear sky
172,Labuhan,ID,-6.8844,112.2051,90.61,50,54,7.52,broken clouds
173,Nome,US,64.5011,-165.4064,41.07,87,40,4.61,scattered clouds
174,Cayenne,GF,4.9333,-52.3333,75.24,94,20,1.14,few clouds
175,Pathalgaon,IN,22.5667,83.4667,82.08,73,50,2.64,scattered clouds
176,Tazovskiy,RU,67.4667,78.7,31.32,64,39,19.42,scattered clouds
177,Dingle,PH,10.9995,122.6711,78.55,92,99,14.25,overcast clouds
178,Guerrero Negro,MX,27.9769,-114.0611,73.85,81,1,10.96,clear sky
179,Katsuura,JP,35.1333,140.3,76.8,70,2,9.22,clear sky
180,Tessalit,ML,20.1986,1.0114,86.83,23,54,4.85,broken clouds
181,Zafra,ES,38.4167,-6.4167,56.64,48,20,2.01,few clouds
182,Chokurdakh,RU,70.6333,147.9167,32.85,60,88,12.91,overcast clouds
183,Paamiut,GL,61.994,-49.6678,45.57,94,100,18.7,overcast clouds
184,De-Kastri,RU,51.4667,140.7833,61.0,77,78,11.92,broken clouds
185,Asadabad,IR,34.7824,48.1185,64.35,49,0,7.61,clear sky
186,Cidreira,BR,-30.1811,-50.2056,61.05,88,100,11.5,overcast clouds
187,Pevek,RU,69.7008,170.3133,33.42,67,32,4.88,scattered clouds
188,Jenbach,AT,47.4013,11.7406,41.99,97,100,1.77,overcast clouds
189,Coruripe,BR,-10.1256,-36.1756,72.84,83,18,10.42,few clouds
190,Lata,PT,40.1629,-8.3327,59.07,55,0,7.23,clear sky
191,Llangefni,GB,53.2556,-4.3106,56.66,67,100,20.71,overcast clouds
192,Biltine,TD,14.5333,20.9167,81.77,55,99,1.45,overcast clouds
193,Axim,GH,4.8699,-2.2405,74.68,91,34,7.18,light rain
194,Aksarka,RU,66.5606,67.7975,32.88,67,32,11.7,scattered clouds
195,Fortuna,US,40.5982,-124.1573,57.34,88,2,3.44,clear sky
196,Santo Augusto,BR,-27.8508,-53.7772,54.46,98,100,5.1,overcast clouds
197,Ust-Maya,RU,60.4167,134.5333,36.97,98,100,5.08,moderate rain
198,Alice Town,BS,25.7167,-79.3,83.57,74,96,12.68,overcast clouds
199,Mount Pleasant,US,32.7941,-79.8626,76.98,82,0,6.91,clear sky
200,Peniche,PT,39.3558,-9.3811,59.11,84,0,18.3,clear sky
201,Muroto,JP,33.2833,134.15,78.06,73,1,7.0,clear sky
202,Leningradskiy,RU,69.3833,178.4167,33.57,91,100,8.46,light snow
203,Miranda De Ebro,ES,42.6865,-2.947,51.98,79,84,1.77,broken clouds
204,Narsaq,GL,60.9167,-46.05,52.02,99,100,2.73,light rain
205,Komsomolskiy,UZ,40.4272,71.7189,79.52,21,0,4.61,clear sky
206,Provideniya,RU,64.3833,-173.3,39.36,93,100,15.99,light intensity shower rain
207,Faanui,PF,-16.4833,-151.75,78.51,76,34,20.74,scattered clouds
208,Barstow,US,34.8986,-117.0228,81.59,20,2,1.63,clear sky
209,Sur,OM,22.5667,59.5289,89.35,51,6,8.16,clear sky
210,Vardo,NO,70.3705,31.1107,44.58,87,20,10.36,few clouds
211,Maua,BR,-23.6678,-46.4614,62.37,95,77,3.6,broken clouds
212,Kodiak,US,57.79,-152.4072,47.71,87,75,0.0,broken clouds
213,Quelimane,MZ,-17.8786,36.8883,75.15,94,0,9.22,clear sky
214,Guanica,PR,17.9716,-66.908,77.95,90,94,7.9,overcast clouds
215,Saint George,US,37.1041,-113.5841,81.19,20,0,4.61,clear sky
216,Montague,US,42.5356,-72.5351,62.46,98,90,4.5,overcast clouds
217,Malakal,SS,9.5334,31.6605,74.79,91,99,2.51,overcast clouds
218,Sola,VU,-13.8833,167.55,81.14,76,21,11.72,few clouds
219,Kaputa,ZM,-8.4689,29.6619,75.09,42,80,1.97,broken clouds
220,Bambous Virieux,MU,-20.3428,57.7575,76.21,73,75,23.02,light rain
221,Garden City,US,42.3256,-83.331,57.22,92,100,6.91,overcast clouds
222,Weinan,CN,34.5036,109.5089,81.79,31,32,5.19,scattered clouds
223,Westport,US,41.1415,-73.3579,62.82,90,75,4.0,broken clouds
224,Itarema,BR,-2.9248,-39.9167,77.59,78,4,14.2,clear sky
225,Vilhena,BR,-12.7406,-60.1458,76.69,55,61,2.13,broken clouds
226,Hamilton,US,39.1834,-84.5333,61.86,80,0,5.75,clear sky
227,Hofn,IS,64.2539,-15.2082,40.71,44,0,18.81,clear sky
228,Ahipara,NZ,-35.1667,173.1667,60.35,73,66,15.46,broken clouds
229,Murgab,TM,37.4966,61.9714,73.27,43,0,13.8,haze
230,Bikaner,IN,28.0167,73.3,90.77,41,11,11.54,few clouds
231,Kununurra,AU,-15.7667,128.7333,102.18,22,8,11.5,clear sky
232,Busing,PH,13.1514,122.9714,83.71,73,87,8.95,overcast clouds
233,Dilla,ET,6.41,38.31,64.74,84,80,2.68,light rain
234,Bonthe,SL,7.5264,-12.505,73.67,94,100,4.99,moderate rain
235,Aklavik,CA,68.2191,-135.0107,37.4,84,100,3.15,overcast clouds
236,Igarka,RU,67.4667,86.5833,34.56,60,29,12.73,scattered clouds
237,Luganville,VU,-15.5333,167.1667,82.47,73,26,5.39,scattered clouds
238,Makakilo City,US,21.3469,-158.0858,79.12,87,100,3.44,moderate rain
239,San Vicente,AR,-26.6167,-54.1333,54.34,99,100,3.24,overcast clouds
240,Kasama,ZM,-10.2129,31.1808,67.64,52,45,9.4,scattered clouds
241,Bingol,TR,38.8847,40.4939,57.72,29,0,6.91,clear sky
242,Nabire,ID,-3.3667,135.4833,84.79,70,48,4.97,moderate rain
243,Rochelle,FR,46.25,-1.0,51.89,87,0,2.3,clear sky
244,Meulaboh,ID,4.1363,96.1285,83.03,70,100,3.6,overcast clouds
245,Cururupu,BR,-1.8283,-44.8683,74.35,89,22,3.87,few clouds
246,Marsa Matruh,EG,31.3525,27.2453,75.47,72,1,8.12,clear sky
247,Umm Kaddadah,SD,13.6017,26.6876,85.73,38,100,7.87,overcast clouds
248,Madimba,TZ,-10.4,40.3333,77.79,77,34,3.98,scattered clouds
249,Nioki,CD,-2.7167,17.6833,71.42,94,39,2.15,moderate rain
250,Kaduna,NG,10.5222,7.4383,72.64,84,96,3.44,overcast clouds
251,Batagay-Alyta,RU,67.8006,130.4114,30.31,78,96,2.1,overcast clouds
252,Fairbanks,US,64.8378,-147.7164,42.98,77,40,0.0,scattered clouds
253,Macusani,PE,-14.0833,-70.4333,37.94,85,100,4.85,overcast clouds
254,Chapais,CA,49.7834,-74.8492,47.98,88,97,2.19,overcast clouds
255,Marijampole,LT,54.5667,23.35,49.41,72,99,5.99,overcast clouds
256,Alofi,NU,-19.0595,-169.9187,75.09,88,100,3.44,light intensity drizzle
257,Arman,RU,59.7,150.1667,47.73,45,100,1.79,overcast clouds
258,Inirida,CO,3.8653,-67.9239,73.38,92,89,2.57,overcast clouds
259,Rochester,US,43.1548,-77.6156,58.14,95,75,9.22,broken clouds
260,Vila Velha,BR,-20.3297,-40.2925,66.94,93,0,3.44,clear sky
261,Ixtapa,MX,20.7,-105.2,84.22,86,89,1.01,overcast clouds
262,Maputo,MZ,-25.9653,32.5892,69.48,82,0,11.5,clear sky
263,Halifax,CA,44.6453,-63.5724,59.45,92,100,9.22,overcast clouds
264,Margate,GB,51.3813,1.3862,56.3,85,100,7.0,moderate rain
265,Sept-Iles,CA,50.2001,-66.3821,41.0,87,40,4.61,scattered clouds
266,Tooele,US,40.5308,-112.2983,63.82,28,0,2.57,clear sky
267,Scarborough,GB,54.2797,-0.4044,50.92,85,28,3.0,scattered clouds
268,Ranau,MY,5.9538,116.6641,82.08,68,85,3.42,overcast clouds
269,Mayumba,GA,-3.432,10.6554,74.32,90,100,7.85,light rain
270,Krasnoselkup,RU,65.7,82.4667,29.8,65,100,14.61,overcast clouds
271,Warwick,US,41.7001,-71.4162,67.24,87,100,10.36,thunderstorm
272,Saint-Georges,GD,12.0564,-61.7485,80.28,89,20,6.91,few clouds
273,Winslow,US,35.0242,-110.6974,62.78,42,0,6.91,clear sky
274,Port Hardy,CA,50.6996,-127.4199,53.6,100,0,2.3,clear sky
275,Gornopravdinsk,RU,60.05,69.9,35.85,57,10,8.88,clear sky
276,Mbandaka,CD,0.0487,18.2603,69.22,95,58,2.04,light rain
277,Dakar,SN,14.6937,-17.4441,77.88,78,99,3.06,overcast clouds
278,Namanga,KE,-2.5433,36.7905,63.91,78,86,2.98,overcast clouds
279,Castro,BR,-24.7911,-50.0119,49.62,94,99,6.31,overcast clouds
280,Tanabe,JP,33.7333,135.3667,81.61,74,20,4.61,few clouds
281,Teguldet,RU,57.3064,88.1667,35.58,73,100,6.08,overcast clouds
282,Lodja,CD,-3.4833,23.4333,69.93,87,82,1.72,broken clouds
283,Bengkulu,ID,-3.8004,102.2655,84.31,69,69,10.67,broken clouds
284,State College,US,40.7934,-77.86,59.52,90,75,6.91,broken clouds
285,Berlevag,NO,70.8578,29.0864,39.2,87,0,5.75,clear sky
286,Lebu,CL,-37.6167,-73.65,49.64,85,100,12.17,overcast clouds
287,Boca Do Acre,BR,-8.7522,-67.3978,79.47,54,95,1.77,overcast clouds
288,Mykolayivka,UA,47.5414,30.7561,56.97,86,96,7.47,overcast clouds
289,Huarmey,PE,-10.0681,-78.1522,61.29,85,70,9.69,broken clouds
290,Saint-Joseph,RE,-21.3667,55.6167,75.58,70,28,11.3,scattered clouds
291,Hasaki,JP,35.7333,140.8333,82.22,68,2,12.28,clear sky
292,Silver City,US,32.7701,-108.2803,69.67,43,100,6.91,overcast clouds
293,Shymkent,KZ,42.3,69.6,86.59,11,0,15.66,clear sky
294,Beasain,ES,43.0502,-2.2009,53.8,85,97,2.55,overcast clouds
295,Kuching,MY,1.55,110.3333,89.82,66,40,5.99,scattered clouds
296,Pilot Butte,CA,50.4668,-104.4178,53.65,59,100,5.75,overcast clouds
297,Shieli,KZ,44.1667,66.75,72.84,41,33,19.64,scattered clouds
298,Trinidad,BO,-14.8333,-64.9,79.63,51,26,3.58,scattered clouds
299,Kaihua,CN,23.3687,104.28,74.41,67,66,5.93,broken clouds
300,Saskylakh,RU,71.9167,114.0833,34.12,73,100,16.91,overcast clouds
301,Grindavik,IS,63.8424,-22.4338,41.47,87,40,8.05,scattered clouds
302,Iberia,US,29.9502,-91.7507,79.05,88,0,0.0,clear sky
303,Puerto Del Rosario,ES,28.5004,-13.8627,69.55,88,100,11.5,overcast clouds
304,Pangnirtung,CA,66.1451,-65.7125,38.71,48,100,2.24,overcast clouds
305,Marienburg,PL,54.0359,19.0266,51.57,75,55,6.78,broken clouds
306,Sambava,MG,-14.2667,50.1667,72.73,83,59,12.46,light rain
307,Karratha,AU,-20.7377,116.8463,89.1,23,7,14.83,clear sky
308,Ketchikan,US,55.3422,-131.6461,57.67,94,100,11.5,moderate rain
309,Alindao,CF,5.0267,21.2088,68.32,98,100,1.77,moderate rain
310,Zlitan,LY,32.4674,14.5687,72.91,82,9,11.95,clear sky
311,Isla Vista,US,34.4133,-119.861,77.02,82,0,5.75,clear sky
312,Juneau,US,58.3019,-134.4197,53.1,100,100,12.66,mist
313,Kropotkin,RU,45.4375,40.5756,56.07,70,60,7.78,broken clouds
314,Nelson Bay,AU,-32.7167,152.15,67.1,76,100,8.01,overcast clouds
315,Pochutla,MX,15.7432,-96.4661,76.82,93,97,3.51,overcast clouds
316,Christchurch,NZ,-43.5333,172.6333,57.33,69,96,23.02,overcast clouds
317,Windsor,CA,42.3001,-83.0165,57.54,90,100,6.91,overcast clouds
318,Tefe,BR,-3.3542,-64.7114,75.02,85,16,1.83,few clouds
319,Srednekolymsk,RU,67.45,153.6833,39.76,52,72,9.82,broken clouds
320,Redmond,US,47.674,-122.1215,66.24,75,54,2.57,broken clouds
321,Barcelos,PT,41.5388,-8.6151,58.68,70,0,5.19,clear sky
322,Australind,AU,-33.2667,115.7167,63.75,59,0,8.52,clear sky
323,Dzaoudzi,YT,-12.7887,45.2699,80.49,69,40,10.36,scattered clouds
324,Wilmington,US,34.2257,-77.9447,78.01,67,75,8.05,broken clouds
325,Ishigaki,JP,24.3448,124.1572,86.13,79,40,10.36,scattered clouds
326,Sorong,ID,-0.8833,131.25,82.63,73,100,5.97,overcast clouds
327,Tuatapere,NZ,-46.1333,167.6833,58.71,70,88,1.88,overcast clouds
328,Mahebourg,MU,-20.4081,57.7,76.24,73,75,23.02,broken clouds
329,Koceljeva,RS,44.4736,19.8117,60.37,91,91,4.85,overcast clouds
330,Tangermunde,DE,52.5446,11.9765,46.85,94,99,6.24,overcast clouds
331,Shenzhen,CN,22.5455,114.0683,93.06,90,13,2.1,few clouds
332,Yatou,CN,37.15,122.3833,74.08,56,0,6.6,clear sky
333,Kloulklubed,PW,7.0419,134.2556,84.7,75,100,9.08,overcast clouds
334,Puerto Escondido,MX,15.85,-97.0667,78.13,88,100,5.48,overcast clouds
335,Sungaipenuh,ID,-2.0833,101.3833,76.73,65,89,3.56,overcast clouds
336,Camacha,PT,33.0833,-16.3333,65.62,64,20,10.36,few clouds
337,Agucadoura,PT,41.4318,-8.7804,59.07,68,0,7.11,clear sky
338,Khanpur,PK,28.6453,70.6567,90.93,44,1,9.48,clear sky
339,San Patricio,US,28.017,-97.5169,80.89,72,44,6.29,scattered clouds
340,Roznava,SK,48.6601,20.5376,50.09,99,100,2.66,moderate rain
341,Castro Verde,PT,37.6983,-8.0858,53.02,73,0,5.7,clear sky
342,Whitehorse,CA,60.7161,-135.0538,47.17,75,100,8.05,light rain
343,Gillingham,GB,51.3891,0.5486,54.39,94,100,5.01,light rain
344,Samana,DO,19.2056,-69.3369,77.52,87,48,5.82,scattered clouds
345,Auki,SB,-8.7676,160.7034,81.93,76,89,1.48,overcast clouds
346,Lac-Megantic,CA,45.5834,-70.8823,52.56,98,100,4.52,overcast clouds
347,Te Anau,NZ,-45.4167,167.7167,54.72,76,94,3.4,overcast clouds
348,Sao Joao Da Barra,BR,-21.6403,-41.0511,69.19,79,94,12.84,overcast clouds
349,Mutare,ZW,-18.9707,32.6709,66.79,52,0,3.53,clear sky
350,Belmonte,BR,-15.8631,-38.8828,72.95,90,78,5.32,broken clouds
351,La Macarena,CO,2.1837,-73.7849,75.24,77,89,1.77,overcast clouds
352,Aloleng,PH,16.1307,119.7824,82.0,79,100,14.85,light rain
353,Codrington,AU,-38.2667,141.9667,51.71,96,100,4.74,overcast clouds
354,Shimoda,JP,34.6667,138.95,79.16,76,43,5.17,scattered clouds
355,Kieta,PG,-6.2167,155.6333,81.54,80,56,2.98,light rain
356,General Pico,AR,-35.6566,-63.7568,52.02,86,91,2.01,overcast clouds
357,Pacific Grove,US,36.6177,-121.9166,61.43,87,100,3.44,overcast clouds
358,Goderich,CA,43.7501,-81.7165,57.9,77,93,17.27,overcast clouds
359,Yanam,IN,16.7333,82.2167,85.82,73,100,2.1,overcast clouds
360,Hovd,MN,48.0056,91.6419,71.98,14,13,9.6,few clouds
361,Joensuu,FI,62.6012,29.7632,43.29,100,100,4.61,overcast clouds
362,Sajoszentpeter,HU,48.2167,20.7167,52.23,97,100,3.65,light rain
363,Caravelas,BR,-17.7125,-39.2481,71.44,85,100,8.01,overcast clouds
364,Dawlatabad,AF,36.4141,64.9053,83.35,12,0,6.29,clear sky
365,Ugoofaaru,MV,5.6667,73.0,80.98,77,52,10.76,broken clouds
366,Shache,CN,38.4167,77.2406,78.53,21,0,0.85,clear sky
367,Kismayo,SO,-0.3582,42.5454,79.29,78,22,13.98,light rain
368,Summerside,CA,46.3959,-63.7876,57.4,81,98,15.46,moderate rain
369,Changli,CN,39.7042,119.1506,80.56,33,0,7.72,clear sky
370,Pisco,PE,-13.7,-76.2167,56.01,82,75,4.61,mist
371,Ibra,OM,22.6906,58.5334,84.7,46,9,4.16,clear sky
372,Coquimbo,CL,-29.9533,-71.3436,49.73,87,0,4.61,clear sky
373,Panama City,PA,8.9936,-79.5197,78.75,88,100,9.22,overcast clouds
374,Yima,CN,34.7381,111.8839,81.59,26,0,9.04,clear sky
375,Lagoa,PT,39.05,-27.9833,69.6,66,100,19.55,overcast clouds
376,Ozark,US,37.0209,-93.206,60.4,76,0,3.74,clear sky
377,Jaque,PA,7.5175,-78.1703,77.32,88,83,2.59,broken clouds
378,Hobyo,SO,5.3505,48.5268,79.47,74,33,13.8,scattered clouds
379,Khani,GE,41.9563,42.9566,54.97,50,0,4.0,clear sky
380,Chicama,PE,-7.8447,-79.1469,57.74,86,96,4.81,overcast clouds
381,Shasta Lake,US,40.6804,-122.3708,75.92,48,0,4.47,clear sky
382,Port-Cartier,CA,50.0334,-66.8654,40.68,70,97,4.79,overcast clouds
383,Tambura,SS,5.6,27.4667,70.93,93,51,1.36,broken clouds
384,Cuenca,EC,-2.8833,-78.9833,55.53,94,100,2.3,overcast clouds
385,Yashkul,RU,46.1711,45.3435,58.6,54,55,13.24,broken clouds
386,Aktash,RU,50.3,87.7333,55.96,27,41,11.18,scattered clouds
387,Ilulissat,GL,69.2167,-51.1,37.42,70,75,1.14,broken clouds
388,Amalapuram,IN,16.5833,82.0167,89.67,57,99,2.51,overcast clouds
389,Luderitz,NA,-26.6481,15.1594,52.68,77,2,5.1,clear sky
390,Cherskiy,RU,68.75,161.3,36.55,52,13,2.95,few clouds
391,Ostrovnoy,RU,68.0531,39.5131,41.23,83,99,9.19,overcast clouds
392,Orotukan,RU,62.2667,151.7,37.15,64,12,2.53,few clouds
393,Ayan,RU,56.45,138.1667,42.82,93,100,12.21,moderate rain
394,Ocos,GT,14.5094,-92.1933,77.18,82,99,1.43,overcast clouds
395,Korla,CN,41.7597,86.1469,80.29,19,24,2.19,few clouds
396,Laguna,US,38.421,-121.4238,80.08,61,0,5.75,clear sky
397,Marshfield,US,44.6689,-90.1718,49.08,93,0,8.05,clear sky
398,Khatanga,RU,71.9667,102.5,31.01,90,100,15.46,overcast clouds
399,Karasjok,NO,69.4719,25.5112,35.69,92,51,4.63,broken clouds
400,Mount Isa,AU,-20.7333,139.5,96.57,9,1,8.05,clear sky
401,Pimentel,PE,-6.8367,-79.9342,61.3,88,94,10.92,overcast clouds
402,Mpika,ZM,-11.8343,31.4529,66.6,50,16,10.13,few clouds
403,Markala,ML,13.7021,-6.0659,78.26,67,70,5.95,broken clouds
404,Hyeres,FR,43.1167,6.1167,63.68,69,0,5.75,clear sky
405,Carbonia,IT,39.1672,8.5222,67.15,85,100,3.18,overcast clouds
406,Kuito,AO,-12.3833,16.9333,60.26,85,77,4.52,broken clouds
407,Fukue,JP,32.6881,128.8419,79.16,73,75,5.75,broken clouds
408,Ballina,AU,-28.8667,153.5667,74.79,80,100,8.28,overcast clouds
409,Ust-Tsilma,RU,65.441,52.1498,34.61,62,58,8.63,broken clouds
410,Asfi,MA,32.2994,-9.2372,67.08,74,100,9.64,overcast clouds
411,Cannes,FR,43.55,7.0167,61.66,89,20,3.44,few clouds
412,Kurayoshi,JP,35.4333,133.8167,78.71,54,99,4.74,overcast clouds
413,Ambon,ID,-3.6954,128.1814,82.54,69,40,3.44,scattered clouds
414,Greeley,US,40.4233,-104.7091,59.23,67,0,0.0,clear sky
415,Rio Gallegos,AR,-51.6226,-69.2181,46.45,46,75,19.57,broken clouds
416,Havelock,US,34.8791,-76.9013,78.94,76,85,14.16,overcast clouds
417,Doha,QA,25.2867,51.5333,93.18,64,2,11.5,dust
418,Grande Prairie,CA,55.1667,-118.8027,57.38,72,40,2.3,scattered clouds
419,Saint-Gaudens,FR,43.0833,0.6667,46.02,89,15,4.32,few clouds
420,Saint-Ambroise,CA,48.5501,-71.3324,46.58,82,100,3.49,overcast clouds
421,Wairoa,NZ,-39.0333,177.3667,55.54,71,96,7.0,overcast clouds
422,Kalmunai,LK,7.4167,81.8167,87.03,57,88,1.88,overcast clouds
423,Yulara,AU,-25.2406,130.9889,80.87,33,38,14.63,scattered clouds
424,Broome,US,42.2506,-75.833,57.67,85,75,9.22,broken clouds
425,Havre-Saint-Pierre,CA,50.2334,-63.5986,44.96,93,75,4.61,broken clouds
426,Sao Francisco De Paula,BR,-29.4481,-50.5836,52.68,95,100,4.29,overcast clouds
427,Yerbogachen,RU,61.2767,108.0108,35.55,80,100,4.79,overcast clouds
428,Saiha,IN,22.4833,92.9667,86.34,56,80,3.62,broken clouds
429,Kirakira,SB,-10.4544,161.9205,82.24,78,26,0.78,scattered clouds
430,Smoky Lake,CA,54.1169,-112.4686,57.92,67,80,2.3,broken clouds
431,Sorland,NO,67.667,12.6934,53.46,73,6,27.11,clear sky
432,Pietarsaari,FI,63.65,22.6833,43.9,90,97,1.01,overcast clouds
433,Inongo,CD,-1.95,18.2667,69.01,99,31,1.99,scattered clouds
434,Ipora,BR,-16.4419,-51.1178,72.5,72,88,5.21,overcast clouds
435,Kangaatsiaq,GL,68.3065,-53.4641,38.14,69,100,11.79,overcast clouds
436,Samarai,PG,-10.6167,150.6667,82.78,74,51,11.1,broken clouds
437,Little Current,CA,45.9793,-81.9248,52.41,86,100,8.88,overcast clouds
438,Boissevain,CA,49.2306,-100.0559,48.7,49,84,4.21,broken clouds
439,Klaksvik,FO,62.2266,-6.589,41.92,81,100,49.21,light rain
440,Santana Do Matos,BR,-5.9575,-36.6556,73.06,72,4,14.09,clear sky
441,Bandarbeyla,SO,9.4942,50.8122,81.25,69,100,23.53,overcast clouds
442,Nanakuli,US,21.3906,-158.1547,80.55,89,100,0.0,moderate rain
443,Vestmanna,FO,62.1564,-7.1664,40.12,75,100,56.39,light rain
444,Podor,MR,16.6527,-14.9587,81.18,69,95,3.24,overcast clouds
445,Kawalu,ID,-7.3817,108.2082,81.72,68,94,6.51,overcast clouds
446,Pekan,MY,3.4836,103.3996,89.71,56,55,6.71,broken clouds
447,Port Lincoln,AU,-34.7333,135.8667,59.04,62,61,18.57,broken clouds
448,Padang,ID,-0.9492,100.3543,84.83,66,98,5.21,overcast clouds
449,Koubia,GN,11.5833,-11.9,64.99,96,82,0.98,light rain
450,Gundlupet,IN,11.8,76.6833,79.61,62,70,4.99,broken clouds
451,Fort Nelson,CA,58.8053,-122.7002,49.59,76,75,2.3,broken clouds
452,Sistranda,NO,63.7256,8.834,49.96,77,86,7.34,overcast clouds
453,Marzuq,YE,14.4,46.4667,81.97,30,24,2.08,few clouds
454,Beloha,MG,-25.1667,45.05,78.35,44,0,8.88,clear sky
455,Half Moon Bay,US,37.4636,-122.4286,64.92,88,100,11.5,overcast clouds
456,Champasak,LA,14.75,106.0,85.08,75,95,3.24,overcast clouds
457,Standish,US,43.9831,-83.9589,55.83,77,78,6.62,broken clouds
458,Moose Factory,CA,51.2585,-80.6094,42.8,100,100,3.44,fog
459,Bairiki,KI,1.3292,172.9752,80.6,94,75,9.22,broken clouds
460,Napierville,CA,45.1865,-73.4047,55.53,96,100,2.3,overcast clouds
461,Poum,NC,-20.2333,164.0167,76.82,74,3,14.14,clear sky
462,Richards Bay,ZA,-28.783,32.0377,72.25,73,2,3.36,clear sky
463,Annigeri,IN,15.4333,75.4333,82.58,58,85,9.35,overcast clouds
464,Zharkovskiy,RU,55.849,32.2697,42.98,96,100,3.83,overcast clouds
465,Hvide Sande,DK,56.0045,8.1294,52.09,89,100,27.87,light rain
466,Moranbah,AU,-22.0016,148.0466,88.36,29,15,1.41,few clouds
467,Geraldton,AU,-28.7667,114.6,73.81,38,0,13.8,clear sky
468,Pangkalanbuun,ID,-2.6833,111.6167,86.45,63,96,4.76,overcast clouds
469,Houma,US,29.5958,-90.7195,78.8,90,0,0.0,clear sky
470,Svetlaya,RU,46.5389,138.3297,63.43,63,1,9.19,clear sky
471,Freeport,US,40.6576,-73.5832,63.01,82,0,10.36,clear sky
472,Silvania,BR,-16.6589,-48.6081,69.85,78,81,6.51,broken clouds
473,Honiara,SB,-9.4333,159.95,82.35,77,76,0.4,broken clouds
474,Goma,CD,-1.6792,29.2228,65.82,73,88,1.9,overcast clouds
475,Sivas,TR,39.7916,37.0019,50.63,71,0,5.75,clear sky
476,Suzun,RU,53.7841,82.3116,44.65,66,100,6.96,light rain
477,Vao,NC,-22.6667,167.4833,74.57,78,0,11.68,clear sky
478,Kochevo,RU,59.5994,54.3125,35.78,75,100,13.13,light rain
479,Kudahuvadhoo,MV,2.6708,72.8944,82.02,74,100,14.79,overcast clouds
480,Onega,RU,63.9061,38.1404,43.63,90,100,7.11,overcast clouds
481,Segou,ML,13.4317,-6.2157,76.86,72,60,5.77,broken clouds
482,Pivijay,CO,10.4617,-74.6162,75.69,89,100,3.33,overcast clouds
483,Praia Da Vitoria,PT,38.7333,-27.0667,68.25,77,20,16.13,few clouds
484,Naze,JP,28.3667,129.4833,85.12,75,10,9.55,clear sky
485,Iralaya,HN,15.0,-83.2333,77.59,86,96,6.2,overcast clouds
486,Nevers,FR,46.9167,3.3333,45.5,96,67,2.64,broken clouds
487,Kantang,TH,7.4054,99.5156,89.69,62,40,4.61,scattered clouds
488,Grong,NO,64.4654,12.3149,51.08,63,97,17.36,overcast clouds
489,Port Moresby,PG,-9.4431,147.1797,87.22,74,40,17.27,haze
490,Talnakh,RU,69.4865,88.3972,29.21,58,49,2.55,scattered clouds
491,Kiama,AU,-34.6833,150.8667,68.38,65,100,3.0,overcast clouds
492,Pecos,US,31.4229,-103.4932,79.3,47,40,6.91,scattered clouds
493,West Wendover,US,40.7391,-114.0733,61.81,29,0,4.61,clear sky
494,Maine-Soroa,NE,13.2114,12.0241,82.65,53,89,6.6,overcast clouds
495,Sherghati,IN,24.5667,84.7833,87.42,65,52,2.82,broken clouds
496,Ajdabiya,LY,30.7554,20.2263,70.66,65,0,9.62,clear sky
497,Isiro,CD,2.7739,27.616,66.38,98,59,1.39,broken clouds
498,Rusape,ZW,-18.5278,32.1284,65.25,45,1,6.96,clear sky
499,Virginia Beach,US,36.8529,-75.978,67.01,94,75,9.22,light rain
500,Ulcinj,ME,41.9294,19.2244,62.82,84,100,7.99,light rain
501,Warrnambool,AU,-38.3833,142.4833,52.52,93,100,6.89,overcast clouds
502,Birao,CF,10.2849,22.7882,70.2,94,29,4.36,scattered clouds
503,Rezekne,LV,56.5,27.3167,41.99,87,74,2.06,broken clouds
504,Verkhnevilyuysk,RU,63.4453,120.3167,33.53,74,95,7.38,overcast clouds
505,Makurdi,NG,7.7411,8.5121,73.0,97,100,4.34,overcast clouds
506,Oktyabrskiy,RU,54.4815,53.471,50.07,83,97,8.75,overcast clouds
507,Emilio Carranza,MX,19.9711,-96.6114,76.66,86,74,4.34,broken clouds
508,San Cristobal,VE,7.7669,-72.225,69.98,93,37,1.61,scattered clouds
509,Pincher Creek,CA,49.4833,-113.952,64.51,55,0,12.66,clear sky
510,Kilindoni,TZ,-7.9139,39.6668,76.96,74,9,13.24,clear sky
511,Moa,CU,20.6569,-74.9403,79.14,85,100,9.22,overcast clouds
512,Caloundra,AU,-26.8,153.1333,77.13,71,1,11.72,clear sky
513,Warri,NG,5.5167,5.75,74.35,95,100,2.53,overcast clouds
514,Naron,ES,43.5167,-8.1528,59.04,80,53,10.94,broken clouds
515,Amelia,IT,42.5523,12.4182,62.15,91,100,2.46,overcast clouds
516,Giddalur,IN,15.35,78.9167,86.54,57,61,4.5,broken clouds
517,Voloshka,RU,61.3314,40.0858,42.73,95,100,8.01,light rain
518,Lar,IN,26.2039,83.9717,87.96,60,100,1.48,overcast clouds
519,Avanigadda,IN,16.0215,80.9181,89.4,61,92,1.86,overcast clouds
520,Erenhot,CN,43.6475,111.9767,71.38,17,1,6.02,clear sky
521,Casper,US,42.8666,-106.3131,48.79,57,0,5.75,clear sky
522,Budingen,DE,50.3,9.1167,48.88,96,75,4.79,broken clouds
523,La Ronge,CA,55.1001,-105.2842,48.45,71,40,3.44,scattered clouds
524,Methoni,GR,36.8197,21.7049,64.22,52,64,6.64,broken clouds
525,Palmer,US,42.1584,-72.3287,62.24,83,89,4.0,light rain
526,Buchanan,LR,5.8808,-10.0467,72.7,96,100,2.93,moderate rain
527,Nouadhibou,MR,20.931,-17.0347,75.18,100,40,3.44,scattered clouds
528,Pokhara,NP,28.2333,83.9833,77.58,78,80,4.74,broken clouds
529,Abu Kamal,SY,34.4506,40.9171,74.53,17,0,11.81,clear sky
530,Kaeo,NZ,-35.1,173.7833,61.32,74,100,15.12,overcast clouds
531,Taybad,IR,34.74,60.7756,75.61,40,0,29.04,clear sky
532,Sinnamary,GF,5.3833,-52.95,77.76,86,0,10.87,clear sky
533,Venice,US,27.0998,-82.4543,79.0,95,0,8.05,clear sky
534,Lazaro Cardenas,MX,17.9583,-102.2,78.78,87,46,3.11,scattered clouds
535,Siderno,IT,38.2779,16.302,70.34,85,58,7.05,broken clouds
536,Palora,EC,-1.7,-77.9333,62.62,97,88,3.33,light rain
537,Isla Aguada,MX,18.7833,-91.4667,81.81,80,6,15.08,clear sky
538,Singaparna,ID,-7.3515,108.111,81.14,67,92,6.87,overcast clouds
539,Lasa,IT,46.6166,10.7002,50.88,85,94,3.04,overcast clouds
540,Hambantota,LK,6.1241,81.1185,86.94,62,97,16.58,overcast clouds
541,Haileybury,CA,47.449,-79.6373,52.38,80,100,3.31,overcast clouds
542,Ngunguru,NZ,-35.6167,174.5,58.62,69,100,19.71,overcast clouds
543,Mumford,GH,5.2618,-0.759,74.28,93,66,9.13,light rain
544,Sikasso,ML,10.9167,-7.0,71.26,95,63,1.43,broken clouds
545,Anadyr,RU,64.75,177.4833,39.7,55,20,6.71,few clouds
546,Burgeo,CA,47.6167,-57.6152,55.94,93,18,14.14,few clouds
547,Dumas,US,35.8656,-101.9732,59.14,47,0,6.91,clear sky
548,Enshi,CN,30.3,109.4833,79.77,54,35,0.67,scattered clouds
549,Brownwood,US,31.7093,-98.9912,72.72,59,77,7.36,light rain
550,Mineiros,BR,-17.5694,-52.5511,73.98,65,21,9.19,few clouds
551,Jibuti,DJ,11.5,42.5,87.75,39,50,8.46,scattered clouds
552,Mulchen,CL,-37.7167,-72.2333,44.94,77,100,3.96,overcast clouds
553,Namtsy,RU,62.7161,129.6658,37.06,79,89,6.85,overcast clouds
554,Iqaluit,CA,63.7506,-68.5145,31.73,80,0,10.36,clear sky
555,Aripuana,BR,-9.1667,-60.6333,76.66,50,21,0.85,few clouds
556,General Roca,AR,-39.0333,-67.5833,52.63,43,27,8.41,scattered clouds
557,Bonavista,CA,48.6499,-53.1147,53.76,85,15,18.01,few clouds
558,Balaipungut,ID,1.05,101.2833,88.03,59,100,5.64,overcast clouds
559,Pabrade,LT,55.0,25.7833,47.17,89,98,4.05,overcast clouds
560,Boende,CD,-0.2167,20.8667,70.09,97,91,1.95,overcast clouds
561,Cuamba,MZ,-14.8031,36.5372,74.37,60,5,7.18,clear sky
562,Ossora,RU,59.2353,163.0719,43.27,87,100,16.08,light rain
563,Great Yarmouth,GB,52.6083,1.7305,51.46,89,100,21.43,overcast clouds
564,Iracoubo,GF,5.4802,-53.2011,77.58,87,2,10.07,clear sky
565,Ola,RU,59.5833,151.2833,47.79,50,98,0.65,overcast clouds
566,Rantepao,ID,-2.9701,119.8978,84.81,39,88,4.59,overcast clouds
567,Alappuzha,IN,9.49,76.3264,84.0,73,28,12.91,scattered clouds
568,Yelizovo,RU,53.1873,158.3805,53.74,87,75,2.24,broken clouds
569,Touros,BR,-5.1989,-35.4608,74.28,83,1,11.59,clear sky
570,Suntar,RU,62.1444,117.6319,38.25,53,47,6.15,scattered clouds
571,Wanxian,CN,30.8039,108.3897,78.62,63,87,2.62,overcast clouds
572,Gambela,ET,8.25,34.5833,69.22,97,100,3.33,light rain
573,Thinadhoo,MV,0.5333,72.9333,82.96,69,97,14.32,overcast clouds
574,Mae Chan,TH,20.1467,99.8526,87.67,68,22,0.63,few clouds
575,Kidal,ML,18.4411,1.4078,86.41,26,43,6.64,scattered clouds
576,Monywa,MM,22.1167,95.1333,88.45,64,59,5.39,broken clouds
577,Mahajanga,MG,-15.7167,46.3167,80.62,47,0,11.5,clear sky
578,Springfield,US,37.2153,-93.2982,62.19,67,0,2.86,clear sky
579,Zhigansk,RU,66.7697,123.3711,34.32,92,100,1.97,overcast clouds
580,Benguela,AO,-12.5763,13.4055,68.65,88,76,3.33,broken clouds
581,Tambovka,RU,50.0969,128.0489,56.66,28,82,12.39,broken clouds
582,Udachnyy,RU,66.4167,112.4,25.45,85,97,9.86,overcast clouds
583,Qaqortoq,GL,60.7167,-46.0333,46.74,98,100,2.95,light rain
584,Sibolga,ID,1.7427,98.7792,85.82,61,100,6.67,overcast clouds
585,Umm Lajj,SA,25.0213,37.2685,92.17,34,3,4.25,clear sky
586,Port Hueneme,US,34.1478,-119.1951,74.26,90,0,9.22,clear sky
587,Shahr-E Babak,IR,30.1165,55.1186,76.32,12,0,5.75,clear sky
588,Dunedin,NZ,-45.8742,170.5036,54.81,80,100,1.99,overcast clouds
589,Havoysund,NO,70.9963,24.6622,46.63,78,0,17.45,clear sky
590,Douentza,ML,14.9951,-2.9517,83.03,59,23,4.94,few clouds
591,Marsaxlokk,MT,35.8419,14.5431,78.08,73,40,13.8,scattered clouds
592,Yilan,TW,24.757,121.753,91.26,69,38,8.46,scattered clouds
593,Henties Bay,NA,-22.116,14.2845,53.82,85,40,6.78,scattered clouds
594,Mahon,ES,39.8885,4.2658,63.16,88,20,9.22,few clouds
595,Mantua,IT,45.1667,10.7833,54.99,87,69,3.0,broken clouds
596,Mabaruma,GY,8.2,-59.7833,73.02,99,84,2.44,broken clouds
597,Kijang,KR,35.2442,129.2139,73.13,54,100,7.43,overcast clouds
598,Abeche,TD,13.8292,20.8324,78.73,68,95,1.97,overcast clouds
599,Ninh Binh,VN,20.2539,105.975,87.46,63,6,6.78,clear sky
600,Agbor,NG,6.2518,6.1934,71.94,99,100,2.86,overcast clouds
601,Natchez,US,31.5604,-91.4032,74.64,86,0,6.91,clear sky
602,Norilsk,RU,69.3535,88.2027,29.43,58,49,3.0,scattered clouds
603,Vuktyl,RU,63.8567,57.3094,34.48,51,6,10.07,clear sky
604,Kahului,US,20.8947,-156.47,82.42,68,40,13.0,scattered clouds
605,Antofagasta,CL,-23.65,-70.4,56.48,65,9,9.8,clear sky
606,Perivolion,GR,39.4206,20.0147,69.35,67,100,12.19,overcast clouds
607,Mecca,SA,21.4267,39.8261,95.32,14,11,12.82,few clouds
608,Presidencia Roque Saenz Pena,AR,-26.7852,-60.4388,57.38,59,0,5.68,clear sky
609,Haines Junction,CA,60.7522,-137.5108,44.55,65,100,1.14,overcast clouds
610,Khilok,RU,51.3674,110.4676,51.49,40,95,6.31,overcast clouds
611,Berdigestyakh,RU,62.0989,126.6992,35.06,77,100,5.39,overcast clouds
612,Meadow Lake,US,34.8014,-106.5436,71.91,36,20,13.02,few clouds
613,Vostok,RU,46.4856,135.8833,62.08,64,24,11.07,few clouds
614,Geneva,US,41.8875,-88.3054,55.8,85,0,8.05,clear sky
615,Kaka,TM,37.3482,59.6143,74.41,47,4,15.12,clear sky
616,Vardadzor,AM,40.187,45.1921,52.07,51,0,3.38,clear sky
617,Nikel,RU,69.4128,30.222,33.98,86,100,4.27,overcast clouds
618,Noumea,NC,-22.2763,166.4572,78.78,77,24,11.21,few clouds
619,Alangalang,PH,11.2061,124.8467,88.03,63,81,5.19,broken clouds
620,Shar,KZ,49.5886,81.0453,79.54,19,55,8.5,broken clouds
621,Milkovo,RU,54.7167,158.6167,37.47,99,100,0.34,overcast clouds
622,Parakou,BJ,9.3372,2.6303,70.43,98,100,4.14,overcast clouds
623,Dulce Nombre De Culmi,HN,15.1,-85.5333,79.03,99,60,2.84,broken clouds
624,Olavarria,AR,-36.8927,-60.3225,52.02,77,98,5.86,overcast clouds
625,Wamba,NG,8.9333,8.6,70.92,98,100,0.85,overcast clouds
626,Umarkot,PK,25.3616,69.7362,86.59,50,48,13.04,scattered clouds
627,Yenisehir,TR,40.2644,29.6531,42.85,100,5,3.44,clear sky
628,Tual,ID,-5.6667,132.75,82.27,74,48,9.84,scattered clouds
629,Kiunga,PG,-6.1219,141.2906,95.77,43,99,3.02,overcast clouds
630,Omboue,GA,-1.5746,9.2618,74.53,89,100,7.85,light rain
631,Alyangula,AU,-13.8483,136.4192,85.32,62,50,10.98,scattered clouds
632,Santa Isabel,BR,-23.3156,-46.2214,61.9,98,51,2.42,broken clouds
633,Luebo,CD,-5.35,21.4167,71.28,90,100,1.1,overcast clouds
634,Pacifica,US,37.6138,-122.4869,64.72,92,20,11.5,few clouds
635,Grand Gaube,MU,-20.0064,57.6608,75.38,64,12,14.0,few clouds
636,Honiton,GB,50.7996,-3.189,56.57,96,75,9.22,broken clouds
637,Wawa,NG,9.9022,4.4192,72.28,94,100,6.64,light rain
638,Stonewall,CA,50.1344,-97.3268,49.71,61,52,6.62,broken clouds
639,Gwanda,ZW,-20.9333,29.0,70.83,34,0,6.26,clear sky
640,Karasburg,NA,-28.0167,18.75,49.24,61,75,7.09,broken clouds
641,Tuy Hoa,VN,13.0833,109.3,83.01,77,100,9.75,overcast clouds
642,Port-Gentil,GA,-0.7193,8.7815,76.96,88,20,8.05,few clouds
643,Kyren,RU,51.6828,102.1408,66.25,37,98,10.4,overcast clouds
644,Rio Grande,BR,-32.035,-52.0986,60.6,95,100,10.74,overcast clouds
645,Ahuimanu,US,21.4447,-157.8378,80.31,81,100,6.91,light rain
646,Vredendal,ZA,-31.6683,18.5012,53.44,78,100,6.46,overcast clouds
647,Salym,RU,60.0625,71.4789,35.55,57,12,8.25,few clouds
648,Kyrksaeterora,NO,63.2906,9.0891,44.1,93,75,4.83,broken clouds
649,The Valley,AI,18.217,-63.0578,82.26,76,33,15.46,scattered clouds
650,Turukhansk,RU,65.8167,87.9833,31.87,89,100,3.67,light snow
651,Corrientes,AR,-27.4806,-58.8341,58.01,81,0,0.0,clear sky
652,Mabai,CN,23.0128,104.4508,73.72,63,33,4.05,scattered clouds
653,Hirara,JP,24.8,125.2833,89.46,70,20,12.66,few clouds
654,Simao,CN,22.7886,100.9748,80.96,51,18,2.8,few clouds
655,Kungurtug,RU,50.5994,97.5228,65.08,23,79,12.03,broken clouds
656,Baykit,RU,61.67,96.37,35.47,64,100,2.13,overcast clouds
657,Ranong,TH,9.9658,98.6348,80.53,69,77,8.5,broken clouds
658,Ponta Delgada,PT,37.7333,-25.6667,68.72,64,20,9.22,few clouds
659,Socorro,US,31.6546,-106.3033,81.61,38,75,13.8,broken clouds
660,Bilibino,RU,68.0546,166.4372,32.31,50,49,6.33,scattered clouds
661,Voyvozh,RU,62.892,54.9635,33.26,59,9,12.21,clear sky
662,Tangwani,PK,28.2787,68.9972,89.17,47,2,7.43,clear sky
663,Amahai,ID,-3.3333,128.9167,82.38,72,99,5.55,overcast clouds
664,Chengde,CN,40.9725,117.9361,85.23,17,0,5.03,clear sky
665,Port Augusta,AU,-32.5,137.7667,62.56,61,98,16.31,overcast clouds
666,Atbasar,KZ,51.8,68.3333,59.95,64,98,20.87,overcast clouds
667,Ruteng,ID,-8.6136,120.4721,76.57,54,76,1.1,broken clouds
668,Ayolas,PY,-27.4,-56.9,58.42,98,78,3.8,broken clouds
669,Weligama,LK,5.9667,80.4167,81.48,78,100,11.23,overcast clouds
670,Quatre Cocos,MU,-20.2078,57.7625,75.09,75,30,19.69,light rain
671,Byron Bay,AU,-28.65,153.6167,74.71,67,96,7.18,overcast clouds
672,Padong,PH,18.0522,120.7567,87.28,61,100,5.93,overcast clouds
673,Elk Plain,US,47.0532,-122.3976,64.27,79,0,0.0,clear sky
674,Gravelbourg,CA,49.8834,-106.5512,52.07,33,34,7.36,scattered clouds
675,Chebsara,RU,59.2002,38.8356,45.73,98,100,5.28,light rain
676,Ust-Uda,RU,54.1742,103.0304,41.04,86,100,7.87,light rain
677,Ankazoabo,MG,-22.2833,44.5167,77.18,47,0,6.22,clear sky
678,Charters Towers,AU,-20.1,146.2667,90.55,30,2,15.3,clear sky
679,Chumphon,TH,10.3333,98.8333,83.97,61,97,8.5,overcast clouds
680,Concepcion Del Oro,MX,24.6333,-101.4167,63.09,54,17,6.69,few clouds
681,Puerto Baquerizo Moreno,EC,-0.9,-89.6,67.62,88,100,15.26,overcast clouds
682,San Jose,US,37.3394,-121.895,67.21,80,0,6.91,clear sky
683,Leshukonskoye,RU,64.8989,45.7622,34.79,77,10,7.67,clear sky
684,Deputatskiy,RU,69.3,139.9,23.77,92,100,4.5,overcast clouds
685,Trairi,BR,-3.2778,-39.2689,76.96,78,3,10.47,clear sky
686,Sainte-Rose,GP,16.3324,-61.6979,75.24,88,0,4.61,clear sky
687,Hammerfest,NO,70.6634,23.6821,46.85,66,0,11.5,clear sky
688,Shetpe,KZ,44.1667,52.1167,63.63,47,1,8.5,clear sky
689,Manado,ID,1.487,124.8455,90.37,58,40,4.61,scattered clouds
690,Roebourne,AU,-20.7833,117.1333,88.86,24,6,13.69,clear sky
691,Kavieng,PG,-2.5744,150.7967,84.96,67,20,10.04,few clouds
692,Foz,ES,43.5692,-7.2544,57.63,84,82,3.78,broken clouds
